{
"genome":{"vertices":[{"i":0,"type":0,"f":2},{"i":1,"type":0,"f":2},{"i":2,"type":0,"f":2},{"i":3,"type":0,"f":2},{"i":4,"type":2,"f":2},{"i":5,"type":2,"f":2},{"i":6,"type":2,"f":2},{"i":7,"type":2,"f":2},{"i":8,"type":2,"f":2},{"i":9,"type":2,"f":2},{"i":10,"type":2,"f":2},{"i":11,"type":2,"f":2},{"i":12,"type":2,"f":2},{"i":13,"type":2,"f":2},{"i":14,"type":2,"f":2},{"i":15,"type":3,"f":2}],"links":[{"i":15,"o":4,"w":0.5},{"i":1,"o":10,"w":-2.0},{"i":15,"o":13,"w":0.5}],"radius":[1,1,1]},
"nervesystem":{"vertices":[{"i":0,"type":2,"f":2},{"i":1,"type":2,"f":2},{"i":2,"type":2,"f":2},{"i":3,"type":3,"f":1}],"links":[]},
"parent": -1
}